,ID,Label
0,1,1
1,10,1
2,11,1
3,12,1
4,13,1
5,14,1
6,15,1
7,16,1
8,17,1
9,18,1
10,19,1
11,2,1
12,20,1
13,21,1
14,22,1
15,23,1
16,24,1
17,25,1
18,26,1
19,27,1
20,28,1
21,29,1
22,3,1
23,30,1
24,31,1
25,32,1
26,33,1
27,34,1
28,35,1
29,36,1
30,37,1
31,38,1
32,39,1
33,4,1
34,40,1
35,41,1
36,42,1
37,43,1
38,44,1
39,45,1
40,46,1
41,47,1
42,48,1
43,49,1
44,5,1
45,50,1
46,51,1
47,52,1
48,53,1
49,54,1
50,55,1
51,56,1
52,57,1
53,58,1
54,59,1
55,6,1
56,7,1
57,8,1
58,9,1
59,463,10
60,464,10
61,465,10
62,466,10
63,467,10
64,468,10
65,469,10
66,470,10
67,471,10
68,472,10
69,473,10
70,474,10
71,475,10
72,476,10
73,477,10
74,478,10
75,479,10
76,480,10
77,481,10
78,482,10
79,483,10
80,484,10
81,485,10
82,486,10
83,487,10
84,488,10
85,489,10
86,490,10
87,491,10
88,492,10
89,493,10
90,494,10
91,495,10
92,496,10
93,497,10
94,498,10
95,499,10
96,500,10
97,501,10
98,502,10
99,503,10
100,504,10
101,505,10
102,506,10
103,507,10
104,508,10
105,509,10
106,510,10
107,511,10
108,512,10
109,513,10
110,514,10
111,515,10
112,516,10
113,517,10
114,518,10
115,519,10
116,520,10
117,521,11
118,522,11
119,523,11
120,524,11
121,525,11
122,526,11
123,527,11
124,528,11
125,529,11
126,530,11
127,531,11
128,532,11
129,533,11
130,534,11
131,535,11
132,536,11
133,537,11
134,538,11
135,539,11
136,540,11
137,541,11
138,542,11
139,543,11
140,544,11
141,545,11
142,546,11
143,547,11
144,548,11
145,549,11
146,550,11
147,551,11
148,552,11
149,553,11
150,554,11
151,555,11
152,556,11
153,557,11
154,558,11
155,559,11
156,560,11
157,561,11
158,562,11
159,563,11
160,564,11
161,565,11
162,566,11
163,567,11
164,568,11
165,569,11
166,570,11
167,571,11
168,572,11
169,573,11
170,574,11
171,575,11
172,576,11
173,577,11
174,578,11
175,1899,12
176,1900,12
177,1901,12
178,1902,12
179,1903,12
180,1904,12
181,1905,12
182,1906,12
183,1907,12
184,1908,12
185,1909,12
186,1910,12
187,1911,12
188,1912,12
189,1913,12
190,1914,12
191,1915,12
192,1916,12
193,1917,12
194,1918,12
195,1919,12
196,1920,12
197,1921,12
198,1922,12
199,1923,12
200,1924,12
201,1925,12
202,1926,12
203,1927,12
204,1928,12
205,1929,12
206,1930,12
207,1931,12
208,1932,12
209,1933,12
210,1934,12
211,1935,12
212,1936,12
213,1937,12
214,1938,12
215,1939,12
216,1940,12
217,1941,12
218,1942,12
219,1943,12
220,1944,12
221,1945,12
222,1946,12
223,1947,12
224,1948,12
225,1949,12
226,1950,12
227,1951,12
228,1952,12
229,1953,12
230,1954,12
231,1955,12
232,1956,12
233,1957,12
234,1958,12
235,1959,12
236,579,13
237,580,13
238,581,13
239,582,13
240,583,13
241,584,13
242,585,13
243,586,13
244,587,13
245,588,13
246,589,13
247,590,13
248,591,13
249,592,13
250,593,13
251,594,13
252,595,13
253,596,13
254,597,13
255,598,13
256,599,13
257,600,13
258,601,13
259,602,13
260,603,13
261,604,13
262,605,13
263,606,13
264,607,13
265,608,13
266,609,13
267,610,13
268,611,13
269,612,13
270,613,13
271,614,13
272,615,13
273,616,13
274,617,13
275,618,13
276,619,13
277,620,13
278,621,13
279,622,13
280,623,13
281,624,13
282,625,13
283,626,13
284,627,13
285,628,13
286,629,13
287,630,13
288,631,13
289,632,13
290,633,13
291,634,13
292,635,13
293,636,13
294,637,13
295,638,13
296,639,13
297,640,14
298,641,14
299,642,14
300,643,14
301,644,14
302,645,14
303,646,14
304,647,14
305,648,14
306,649,14
307,650,14
308,651,14
309,652,14
310,653,14
311,654,14
312,655,14
313,656,14
314,657,14
315,658,14
316,659,14
317,660,14
318,661,14
319,662,14
320,663,14
321,664,14
322,665,14
323,666,14
324,667,14
325,668,14
326,669,14
327,670,14
328,671,14
329,672,14
330,673,14
331,674,14
332,675,14
333,676,14
334,677,14
335,678,14
336,679,14
337,680,14
338,681,14
339,682,14
340,683,14
341,684,14
342,685,14
343,686,14
344,687,14
345,688,14
346,689,14
347,690,14
348,691,14
349,692,14
350,693,14
351,694,14
352,695,14
353,696,14
354,697,14
355,698,14
356,699,14
357,700,14
358,701,15
359,702,15
360,703,15
361,704,15
362,705,15
363,706,15
364,707,15
365,708,15
366,709,15
367,710,15
368,711,15
369,712,15
370,713,15
371,714,15
372,715,15
373,716,15
374,717,15
375,718,15
376,719,15
377,720,15
378,721,15
379,722,15
380,723,15
381,724,15
382,725,15
383,726,15
384,727,15
385,728,15
386,729,15
387,730,15
388,731,15
389,732,15
390,733,15
391,734,15
392,735,15
393,736,15
394,737,15
395,738,15
396,739,15
397,740,15
398,741,15
399,742,15
400,743,15
401,744,15
402,745,15
403,746,15
404,747,15
405,748,15
406,749,15
407,750,15
408,751,15
409,752,15
410,753,15
411,754,15
412,755,15
413,756,15
414,757,15
415,758,15
416,759,15
417,760,15
418,761,15
419,762,16
420,763,16
421,764,16
422,765,16
423,766,16
424,767,16
425,768,16
426,769,16
427,770,16
428,771,16
429,772,16
430,773,16
431,774,16
432,775,16
433,776,16
434,777,16
435,778,16
436,779,16
437,780,16
438,781,16
439,782,16
440,783,16
441,784,16
442,785,16
443,786,16
444,787,16
445,788,16
446,789,16
447,790,16
448,791,16
449,792,16
450,793,16
451,794,16
452,795,16
453,796,16
454,797,16
455,798,16
456,799,16
457,800,16
458,801,16
459,802,16
460,803,16
461,804,16
462,805,16
463,806,16
464,807,16
465,808,16
466,809,16
467,810,16
468,811,16
469,812,16
470,813,16
471,814,16
472,815,16
473,816,16
474,817,16
475,818,16
476,819,16
477,820,16
478,821,16
479,822,16
480,823,17
481,824,17
482,825,17
483,826,17
484,827,17
485,828,17
486,829,17
487,830,17
488,831,17
489,832,17
490,833,17
491,834,17
492,835,17
493,836,17
494,837,17
495,838,17
496,839,17
497,840,17
498,841,17
499,842,17
500,843,17
501,844,17
502,845,17
503,846,17
504,847,17
505,848,17
506,849,17
507,850,17
508,851,17
509,852,17
510,853,17
511,854,17
512,855,17
513,856,17
514,857,17
515,858,17
516,859,17
517,860,17
518,861,17
519,862,17
520,863,17
521,864,17
522,865,17
523,866,17
524,867,17
525,868,17
526,869,17
527,870,17
528,871,17
529,872,17
530,873,17
531,874,17
532,875,17
533,876,17
534,877,17
535,878,17
536,879,17
537,880,17
538,881,18
539,882,18
540,883,18
541,884,18
542,885,18
543,886,18
544,887,18
545,888,18
546,889,18
547,890,18
548,891,18
549,892,18
550,893,18
551,894,18
552,895,18
553,896,18
554,897,18
555,898,18
556,899,18
557,900,18
558,901,18
559,902,18
560,903,18
561,904,18
562,905,18
563,906,18
564,907,18
565,908,18
566,909,18
567,910,18
568,911,18
569,912,18
570,913,18
571,914,18
572,915,18
573,916,18
574,917,18
575,918,18
576,919,18
577,920,18
578,921,18
579,922,18
580,923,18
581,924,18
582,925,18
583,926,18
584,927,18
585,928,18
586,929,18
587,930,18
588,931,18
589,932,18
590,933,18
591,934,18
592,935,18
593,1960,19
594,1961,19
595,1962,19
596,1963,19
597,1964,19
598,1965,19
599,1966,19
600,1967,19
601,1968,19
602,1969,19
603,1970,19
604,1971,19
605,1972,19
606,1973,19
607,1974,19
608,1975,19
609,1976,19
610,1977,19
611,1978,19
612,1979,19
613,1980,19
614,1981,19
615,1982,19
616,1983,19
617,1984,19
618,1985,19
619,1986,19
620,1987,19
621,1988,19
622,1989,19
623,1990,19
624,1991,19
625,1992,19
626,1993,19
627,1994,19
628,1995,19
629,1996,19
630,1997,19
631,1998,19
632,1999,19
633,2000,19
634,2001,19
635,2002,19
636,2003,19
637,2004,19
638,2005,19
639,2006,19
640,2007,19
641,2008,19
642,2009,19
643,2010,19
644,2011,19
645,2012,19
646,2013,19
647,2014,19
648,2015,19
649,2016,19
650,2017,19
651,116,2
652,117,2
653,118,2
654,119,2
655,120,2
656,121,2
657,122,2
658,123,2
659,124,2
660,125,2
661,126,2
662,127,2
663,128,2
664,129,2
665,130,2
666,131,2
667,132,2
668,133,2
669,134,2
670,135,2
671,136,2
672,137,2
673,138,2
674,139,2
675,140,2
676,141,2
677,142,2
678,143,2
679,144,2
680,145,2
681,146,2
682,147,2
683,148,2
684,149,2
685,150,2
686,151,2
687,152,2
688,153,2
689,154,2
690,155,2
691,156,2
692,157,2
693,158,2
694,159,2
695,160,2
696,161,2
697,162,2
698,163,2
699,164,2
700,165,2
701,166,2
702,167,2
703,168,2
704,169,2
705,170,2
706,171,2
707,172,2
708,173,2
709,936,20
710,937,20
711,938,20
712,939,20
713,940,20
714,941,20
715,942,20
716,943,20
717,944,20
718,945,20
719,946,20
720,947,20
721,948,20
722,949,20
723,950,20
724,951,20
725,952,20
726,953,20
727,954,20
728,955,20
729,956,20
730,957,20
731,958,20
732,959,20
733,960,20
734,961,20
735,962,20
736,963,20
737,964,20
738,965,20
739,966,20
740,967,20
741,968,20
742,969,20
743,970,20
744,971,20
745,972,20
746,973,20
747,974,20
748,975,20
749,976,20
750,977,20
751,978,20
752,979,20
753,980,20
754,981,20
755,982,20
756,983,20
757,984,20
758,985,20
759,986,20
760,987,20
761,988,20
762,989,20
763,990,20
764,991,20
765,992,20
766,993,20
767,1000,21
768,1001,21
769,1002,21
770,1003,21
771,1004,21
772,1005,21
773,1006,21
774,1007,21
775,1008,21
776,1009,21
777,1010,21
778,1011,21
779,1012,21
780,1013,21
781,1014,21
782,1015,21
783,1016,21
784,1017,21
785,1018,21
786,1019,21
787,1020,21
788,1021,21
789,1022,21
790,1023,21
791,1024,21
792,1025,21
793,1026,21
794,1027,21
795,1028,21
796,1029,21
797,1030,21
798,1031,21
799,1032,21
800,1033,21
801,1034,21
802,1035,21
803,1036,21
804,1037,21
805,1038,21
806,1039,21
807,1040,21
808,1041,21
809,1042,21
810,1043,21
811,1044,21
812,1045,21
813,1046,21
814,1047,21
815,1048,21
816,1049,21
817,1050,21
818,1051,21
819,994,21
820,995,21
821,996,21
822,997,21
823,998,21
824,999,21
825,1052,22
826,1053,22
827,1054,22
828,1055,22
829,1056,22
830,1057,22
831,1058,22
832,1059,22
833,1060,22
834,1061,22
835,1062,22
836,1063,22
837,1064,22
838,1065,22
839,1066,22
840,1067,22
841,1068,22
842,1069,22
843,1070,22
844,1071,22
845,1072,22
846,1073,22
847,1074,22
848,1075,22
849,1076,22
850,1077,22
851,1078,22
852,1079,22
853,1080,22
854,1081,22
855,1082,22
856,1083,22
857,1084,22
858,1085,22
859,1086,22
860,1087,22
861,1088,22
862,1089,22
863,1090,22
864,1091,22
865,1092,22
866,1093,22
867,1094,22
868,1095,22
869,1096,22
870,1097,22
871,1098,22
872,1099,22
873,1100,22
874,1101,22
875,1102,22
876,1103,22
877,1104,22
878,1105,22
879,1106,22
880,1107,22
881,1108,22
882,1109,22
883,1110,23
884,1111,23
885,1112,23
886,1113,23
887,1114,23
888,1115,23
889,1116,23
890,1117,23
891,1118,23
892,1119,23
893,1120,23
894,1121,23
895,1122,23
896,1123,23
897,1124,23
898,1125,23
899,1126,23
900,1127,23
901,1128,23
902,1129,23
903,1130,23
904,1131,23
905,1132,23
906,1133,23
907,1134,23
908,1135,23
909,1136,23
910,1137,23
911,1138,23
912,1139,23
913,1140,23
914,1141,23
915,1142,23
916,1143,23
917,1144,23
918,1145,23
919,1146,23
920,1147,23
921,1148,23
922,1149,23
923,1150,23
924,1151,23
925,1152,23
926,1153,23
927,1154,23
928,1155,23
929,1156,23
930,1157,23
931,1158,23
932,1159,23
933,1160,23
934,1161,23
935,1162,23
936,1163,23
937,1164,23
938,1165,23
939,1166,23
940,1167,23
941,1168,24
942,1169,24
943,1170,24
944,1171,24
945,1172,24
946,1173,24
947,1174,24
948,1175,24
949,1176,24
950,1177,24
951,1178,24
952,1179,24
953,1180,24
954,1181,24
955,1182,24
956,1183,24
957,1184,24
958,1185,24
959,1186,24
960,1187,24
961,1188,24
962,1189,24
963,1190,24
964,1191,24
965,1192,24
966,1193,24
967,1194,24
968,1195,24
969,1196,24
970,1197,24
971,1198,24
972,1199,24
973,1200,24
974,1201,24
975,1202,24
976,1203,24
977,1204,24
978,1205,24
979,1206,24
980,1207,24
981,1208,24
982,1209,24
983,1210,24
984,1211,24
985,1212,24
986,1213,24
987,1214,24
988,1215,24
989,1216,24
990,1217,24
991,1218,24
992,1219,24
993,1220,24
994,1221,24
995,1222,24
996,1223,24
997,1224,24
998,1225,24
999,1226,24
1000,1227,24
1001,1228,25
1002,1229,25
1003,1230,25
1004,1231,25
1005,1232,25
1006,1233,25
1007,1234,25
1008,1235,25
1009,1236,25
1010,1237,25
1011,1238,25
1012,1239,25
1013,1240,25
1014,1241,25
1015,1242,25
1016,1243,25
1017,1244,25
1018,1245,25
1019,1246,25
1020,1247,25
1021,1248,25
1022,1249,25
1023,1250,25
1024,1251,25
1025,1252,25
1026,1253,25
1027,1254,25
1028,1255,25
1029,1256,25
1030,1257,25
1031,1258,25
1032,1259,25
1033,1260,25
1034,1261,25
1035,1262,25
1036,1263,25
1037,1264,25
1038,1265,25
1039,1266,25
1040,1267,25
1041,1268,25
1042,1269,25
1043,1270,25
1044,1271,25
1045,1272,25
1046,1273,25
1047,1274,25
1048,1275,25
1049,1276,25
1050,1277,25
1051,1278,25
1052,1279,25
1053,1280,25
1054,1281,25
1055,1282,25
1056,1283,25
1057,1284,25
1058,1285,25
1059,1286,25
1060,1287,25
1061,1288,25
1062,1289,25
1063,1290,26
1064,1291,26
1065,1292,26
1066,1293,26
1067,1294,26
1068,1295,26
1069,1296,26
1070,1297,26
1071,1298,26
1072,1299,26
1073,1300,26
1074,1301,26
1075,1302,26
1076,1303,26
1077,1304,26
1078,1305,26
1079,1306,26
1080,1307,26
1081,1308,26
1082,1309,26
1083,1310,26
1084,1311,26
1085,1312,26
1086,1313,26
1087,1314,26
1088,1315,26
1089,1316,26
1090,1317,26
1091,1318,26
1092,1319,26
1093,1320,26
1094,1321,26
1095,1322,26
1096,1323,26
1097,1324,26
1098,1325,26
1099,1326,26
1100,1327,26
1101,1328,26
1102,1329,26
1103,1330,26
1104,1331,26
1105,1332,26
1106,1333,26
1107,1334,26
1108,1335,26
1109,1336,26
1110,1337,26
1111,1338,26
1112,1339,26
1113,1340,26
1114,1341,26
1115,1342,26
1116,1343,26
1117,1344,26
1118,1345,26
1119,1346,26
1120,1347,26
1121,1348,26
1122,1349,26
1123,1350,26
1124,1351,27
1125,1352,27
1126,1353,27
1127,1354,27
1128,1355,27
1129,1356,27
1130,1357,27
1131,1358,27
1132,1359,27
1133,1360,27
1134,1361,27
1135,1362,27
1136,1363,27
1137,1364,27
1138,1365,27
1139,1366,27
1140,1367,27
1141,1368,27
1142,1369,27
1143,1370,27
1144,1371,27
1145,1372,27
1146,1373,27
1147,1374,27
1148,1375,27
1149,1376,27
1150,1377,27
1151,1378,27
1152,1379,27
1153,1380,27
1154,1381,27
1155,1382,27
1156,1383,27
1157,1384,27
1158,1385,27
1159,1386,27
1160,1387,27
1161,1388,27
1162,1389,27
1163,1390,27
1164,1391,27
1165,1392,27
1166,1393,27
1167,1394,27
1168,1395,27
1169,1396,27
1170,1397,27
1171,1398,27
1172,1399,27
1173,1400,27
1174,1401,27
1175,1402,27
1176,1403,27
1177,1404,27
1178,1405,27
1179,1406,27
1180,1407,27
1181,1408,27
1182,1409,27
1183,1410,27
1184,1411,27
1185,1412,28
1186,1413,28
1187,1414,28
1188,1415,28
1189,1416,28
1190,1417,28
1191,1418,28
1192,1419,28
1193,1420,28
1194,1421,28
1195,1422,28
1196,1423,28
1197,1424,28
1198,1425,28
1199,1426,28
1200,1427,28
1201,1428,28
1202,1429,28
1203,1430,28
1204,1431,28
1205,1432,28
1206,1433,28
1207,1434,28
1208,1435,28
1209,1436,28
1210,1437,28
1211,1438,28
1212,1439,28
1213,1440,28
1214,1441,28
1215,1442,28
1216,1443,28
1217,1444,28
1218,1445,28
1219,1446,28
1220,1447,28
1221,1448,28
1222,1449,28
1223,1450,28
1224,1451,28
1225,1452,28
1226,1453,28
1227,1454,28
1228,1455,28
1229,1456,28
1230,1457,28
1231,1458,28
1232,1459,28
1233,1460,28
1234,1461,28
1235,1462,28
1236,1463,28
1237,1464,28
1238,1465,28
1239,1466,28
1240,1467,28
1241,1468,28
1242,1469,28
1243,1470,28
1244,1471,28
1245,1472,28
1246,1473,29
1247,1474,29
1248,1475,29
1249,1476,29
1250,1477,29
1251,1478,29
1252,1479,29
1253,1480,29
1254,1481,29
1255,1482,29
1256,1483,29
1257,1484,29
1258,1485,29
1259,1486,29
1260,1487,29
1261,1488,29
1262,1489,29
1263,1490,29
1264,1491,29
1265,1492,29
1266,1493,29
1267,1494,29
1268,1495,29
1269,1496,29
1270,1497,29
1271,1498,29
1272,1499,29
1273,1500,29
1274,1501,29
1275,1502,29
1276,1503,29
1277,1504,29
1278,1505,29
1279,1506,29
1280,1507,29
1281,1508,29
1282,1509,29
1283,1510,29
1284,1511,29
1285,1512,29
1286,1513,29
1287,1514,29
1288,1515,29
1289,1516,29
1290,1517,29
1291,1518,29
1292,1519,29
1293,1520,29
1294,1521,29
1295,1522,29
1296,1523,29
1297,1524,29
1298,1525,29
1299,1526,29
1300,1527,29
1301,1528,29
1302,1529,29
1303,1530,29
1304,232,3
1305,233,3
1306,234,3
1307,235,3
1308,236,3
1309,237,3
1310,238,3
1311,239,3
1312,240,3
1313,241,3
1314,242,3
1315,243,3
1316,244,3
1317,245,3
1318,246,3
1319,247,3
1320,248,3
1321,249,3
1322,250,3
1323,251,3
1324,252,3
1325,253,3
1326,254,3
1327,255,3
1328,256,3
1329,257,3
1330,258,3
1331,259,3
1332,260,3
1333,261,3
1334,262,3
1335,263,3
1336,264,3
1337,265,3
1338,266,3
1339,267,3
1340,268,3
1341,269,3
1342,270,3
1343,271,3
1344,272,3
1345,273,3
1346,274,3
1347,275,3
1348,276,3
1349,277,3
1350,278,3
1351,279,3
1352,280,3
1353,281,3
1354,282,3
1355,283,3
1356,284,3
1357,285,3
1358,286,3
1359,287,3
1360,288,3
1361,289,3
1362,2018,30
1363,2019,30
1364,2020,30
1365,2021,30
1366,2022,30
1367,2023,30
1368,2024,30
1369,2025,30
1370,2026,30
1371,2027,30
1372,2028,30
1373,2029,30
1374,2030,30
1375,2031,30
1376,2032,30
1377,2033,30
1378,2034,30
1379,2035,30
1380,2036,30
1381,2037,30
1382,2038,30
1383,2039,30
1384,2040,30
1385,2041,30
1386,2042,30
1387,2043,30
1388,2044,30
1389,2045,30
1390,2046,30
1391,2047,30
1392,2048,30
1393,2049,30
1394,2050,30
1395,2051,30
1396,2052,30
1397,2053,30
1398,2054,30
1399,2055,30
1400,2056,30
1401,2057,30
1402,2058,30
1403,2059,30
1404,2060,30
1405,2061,30
1406,2062,30
1407,2063,30
1408,2064,30
1409,2065,30
1410,2066,30
1411,2067,30
1412,2068,30
1413,2069,30
1414,2070,30
1415,2071,30
1416,2072,30
1417,2073,30
1418,2074,30
1419,2075,30
1420,2076,31
1421,2077,31
1422,2078,31
1423,2079,31
1424,2080,31
1425,2081,31
1426,2082,31
1427,2083,31
1428,2084,31
1429,2085,31
1430,2086,31
1431,2087,31
1432,2088,31
1433,2089,31
1434,2090,31
1435,2091,31
1436,2092,31
1437,2093,31
1438,2094,31
1439,2095,31
1440,2096,31
1441,2097,31
1442,2098,31
1443,2099,31
1444,2100,31
1445,2101,31
1446,2102,31
1447,2103,31
1448,2104,31
1449,2105,31
1450,2106,31
1451,2107,31
1452,2108,31
1453,2109,31
1454,2110,31
1455,2111,31
1456,2112,31
1457,2113,31
1458,2114,31
1459,2115,31
1460,2116,31
1461,2117,31
1462,2118,31
1463,2119,31
1464,2120,31
1465,2121,31
1466,2122,31
1467,2123,31
1468,2124,31
1469,2125,31
1470,2126,31
1471,2127,31
1472,2128,31
1473,2129,31
1474,2130,31
1475,2131,31
1476,2132,31
1477,2133,31
1478,1531,32
1479,1532,32
1480,1533,32
1481,1534,32
1482,1535,32
1483,1536,32
1484,1537,32
1485,1538,32
1486,1539,32
1487,1540,32
1488,1541,32
1489,1542,32
1490,1543,32
1491,1544,32
1492,1545,32
1493,1546,32
1494,1547,32
1495,1548,32
1496,1549,32
1497,1550,32
1498,1551,32
1499,1552,32
1500,1553,32
1501,1554,32
1502,1555,32
1503,1556,32
1504,1557,32
1505,1558,32
1506,1559,32
1507,1560,32
1508,1561,32
1509,1562,32
1510,1563,32
1511,1564,32
1512,1565,32
1513,1566,32
1514,1567,32
1515,1568,32
1516,1569,32
1517,1570,32
1518,1571,32
1519,1572,32
1520,1573,32
1521,1574,32
1522,1575,32
1523,1576,32
1524,1577,32
1525,1578,32
1526,1579,32
1527,1580,32
1528,1581,32
1529,1582,32
1530,1583,32
1531,1584,32
1532,1585,32
1533,1586,32
1534,1587,32
1535,1588,32
1536,1589,32
1537,1590,32
1538,1591,32
1539,1592,32
1540,1593,33
1541,1594,33
1542,1595,33
1543,1596,33
1544,1597,33
1545,1598,33
1546,1599,33
1547,1600,33
1548,1601,33
1549,1602,33
1550,1603,33
1551,1604,33
1552,1605,33
1553,1606,33
1554,1607,33
1555,1608,33
1556,1609,33
1557,1610,33
1558,1611,33
1559,1612,33
1560,1613,33
1561,1614,33
1562,1615,33
1563,1616,33
1564,1617,33
1565,1618,33
1566,1619,33
1567,1620,33
1568,1621,33
1569,1622,33
1570,1623,33
1571,1624,33
1572,1625,33
1573,1626,33
1574,1627,33
1575,1628,33
1576,1629,33
1577,1630,33
1578,1631,33
1579,1632,33
1580,1633,33
1581,1634,33
1582,1635,33
1583,1636,33
1584,1637,33
1585,1638,33
1586,1639,33
1587,1640,33
1588,1641,33
1589,1642,33
1590,1643,33
1591,1644,33
1592,1645,33
1593,1646,33
1594,1647,33
1595,1648,33
1596,1649,33
1597,1650,33
1598,1651,33
1599,1652,33
1600,1653,33
1601,1654,34
1602,1655,34
1603,1656,34
1604,1657,34
1605,1658,34
1606,1659,34
1607,1660,34
1608,1661,34
1609,1662,34
1610,1663,34
1611,1664,34
1612,1665,34
1613,1666,34
1614,1667,34
1615,1668,34
1616,1669,34
1617,1670,34
1618,1671,34
1619,1672,34
1620,1673,34
1621,1674,34
1622,1675,34
1623,1676,34
1624,1677,34
1625,1678,34
1626,1679,34
1627,1680,34
1628,1681,34
1629,1682,34
1630,1683,34
1631,1684,34
1632,1685,34
1633,1686,34
1634,1687,34
1635,1688,34
1636,1689,34
1637,1690,34
1638,1691,34
1639,1692,34
1640,1693,34
1641,1694,34
1642,1695,34
1643,1696,34
1644,1697,34
1645,1698,34
1646,1699,34
1647,1700,34
1648,1701,34
1649,1702,34
1650,1703,34
1651,1704,34
1652,1705,34
1653,1706,34
1654,1707,34
1655,1708,34
1656,1709,34
1657,1710,34
1658,1711,34
1659,1712,34
1660,1713,34
1661,1714,34
1662,1777,35
1663,1778,35
1664,1779,35
1665,1780,35
1666,1781,35
1667,1782,35
1668,1783,35
1669,1784,35
1670,1785,35
1671,1786,35
1672,1787,35
1673,1788,35
1674,1789,35
1675,1790,35
1676,1791,35
1677,1792,35
1678,1793,35
1679,1794,35
1680,1795,35
1681,1796,35
1682,1797,35
1683,1798,35
1684,1799,35
1685,1800,35
1686,1801,35
1687,1802,35
1688,1803,35
1689,1804,35
1690,1805,35
1691,1806,35
1692,1807,35
1693,1808,35
1694,1809,35
1695,1810,35
1696,1811,35
1697,1812,35
1698,1813,35
1699,1814,35
1700,1815,35
1701,1816,35
1702,1817,35
1703,1818,35
1704,1819,35
1705,1820,35
1706,1821,35
1707,1822,35
1708,1823,35
1709,1824,35
1710,1825,35
1711,1826,35
1712,1827,35
1713,1828,35
1714,1829,35
1715,1830,35
1716,1831,35
1717,1832,35
1718,1833,35
1719,1834,35
1720,1835,35
1721,1836,35
1722,1837,35
1723,1715,36
1724,1716,36
1725,1717,36
1726,1718,36
1727,1719,36
1728,1720,36
1729,1721,36
1730,1722,36
1731,1723,36
1732,1724,36
1733,1725,36
1734,1726,36
1735,1727,36
1736,1728,36
1737,1729,36
1738,1730,36
1739,1731,36
1740,1732,36
1741,1733,36
1742,1734,36
1743,1735,36
1744,1736,36
1745,1737,36
1746,1738,36
1747,1739,36
1748,1740,36
1749,1741,36
1750,1742,36
1751,1743,36
1752,1744,36
1753,1745,36
1754,1746,36
1755,1747,36
1756,1748,36
1757,1749,36
1758,1750,36
1759,1751,36
1760,1752,36
1761,1753,36
1762,1754,36
1763,1755,36
1764,1756,36
1765,1757,36
1766,1758,36
1767,1759,36
1768,1760,36
1769,1761,36
1770,1762,36
1771,1763,36
1772,1764,36
1773,1765,36
1774,1766,36
1775,1767,36
1776,1768,36
1777,1769,36
1778,1770,36
1779,1771,36
1780,1772,36
1781,1773,36
1782,1774,36
1783,1775,36
1784,1776,36
1785,2134,37
1786,2135,37
1787,2136,37
1788,2137,37
1789,2138,37
1790,2139,37
1791,2140,37
1792,2141,37
1793,2142,37
1794,2143,37
1795,2144,37
1796,2145,37
1797,2146,37
1798,2147,37
1799,2148,37
1800,2149,37
1801,2150,37
1802,2151,37
1803,2152,37
1804,2153,37
1805,2154,37
1806,2155,37
1807,2156,37
1808,2157,37
1809,2158,37
1810,2159,37
1811,2160,37
1812,2161,37
1813,2162,37
1814,2163,37
1815,2164,37
1816,2165,37
1817,2166,37
1818,2167,37
1819,2168,37
1820,2169,37
1821,2170,37
1822,2171,37
1823,2172,37
1824,2173,37
1825,2174,37
1826,2175,37
1827,2176,37
1828,2177,37
1829,2178,37
1830,2179,37
1831,2180,37
1832,2181,37
1833,2182,37
1834,2183,37
1835,2184,37
1836,2185,37
1837,2186,37
1838,2187,37
1839,2188,37
1840,2189,37
1841,2190,37
1842,2191,37
1843,2192,37
1844,2193,37
1845,2194,37
1846,2195,37
1847,2196,37
1848,2197,37
1849,174,4
1850,175,4
1851,176,4
1852,177,4
1853,178,4
1854,179,4
1855,180,4
1856,181,4
1857,182,4
1858,183,4
1859,184,4
1860,185,4
1861,186,4
1862,187,4
1863,188,4
1864,189,4
1865,190,4
1866,191,4
1867,192,4
1868,193,4
1869,194,4
1870,195,4
1871,196,4
1872,197,4
1873,198,4
1874,199,4
1875,200,4
1876,201,4
1877,202,4
1878,203,4
1879,204,4
1880,205,4
1881,206,4
1882,207,4
1883,208,4
1884,209,4
1885,210,4
1886,211,4
1887,212,4
1888,213,4
1889,214,4
1890,215,4
1891,216,4
1892,217,4
1893,218,4
1894,219,4
1895,220,4
1896,221,4
1897,222,4
1898,223,4
1899,224,4
1900,225,4
1901,226,4
1902,227,4
1903,228,4
1904,229,4
1905,230,4
1906,231,4
1907,100,5
1908,101,5
1909,102,5
1910,103,5
1911,104,5
1912,105,5
1913,106,5
1914,107,5
1915,108,5
1916,109,5
1917,110,5
1918,111,5
1919,112,5
1920,113,5
1921,114,5
1922,115,5
1923,60,5
1924,61,5
1925,62,5
1926,63,5
1927,64,5
1928,65,5
1929,66,5
1930,67,5
1931,68,5
1932,69,5
1933,70,5
1934,71,5
1935,72,5
1936,73,5
1937,74,5
1938,75,5
1939,76,5
1940,77,5
1941,78,5
1942,79,5
1943,80,5
1944,81,5
1945,82,5
1946,83,5
1947,84,5
1948,85,5
1949,86,5
1950,87,5
1951,88,5
1952,89,5
1953,90,5
1954,91,5
1955,92,5
1956,93,5
1957,94,5
1958,95,5
1959,96,5
1960,97,5
1961,98,5
1962,99,5
1963,290,6
1964,291,6
1965,292,6
1966,293,6
1967,294,6
1968,295,6
1969,296,6
1970,297,6
1971,298,6
1972,299,6
1973,300,6
1974,301,6
1975,302,6
1976,303,6
1977,304,6
1978,305,6
1979,306,6
1980,307,6
1981,308,6
1982,309,6
1983,310,6
1984,311,6
1985,312,6
1986,313,6
1987,314,6
1988,315,6
1989,316,6
1990,317,6
1991,318,6
1992,319,6
1993,320,6
1994,321,6
1995,322,6
1996,323,6
1997,324,6
1998,325,6
1999,326,6
2000,327,6
2001,328,6
2002,329,6
2003,330,6
2004,331,6
2005,332,6
2006,333,6
2007,334,6
2008,335,6
2009,336,6
2010,337,6
2011,338,6
2012,339,6
2013,340,6
2014,341,6
2015,342,6
2016,343,6
2017,344,6
2018,345,6
2019,346,6
2020,347,7
2021,348,7
2022,349,7
2023,350,7
2024,351,7
2025,352,7
2026,353,7
2027,354,7
2028,355,7
2029,356,7
2030,357,7
2031,358,7
2032,359,7
2033,360,7
2034,361,7
2035,362,7
2036,363,7
2037,364,7
2038,365,7
2039,366,7
2040,367,7
2041,368,7
2042,369,7
2043,370,7
2044,371,7
2045,372,7
2046,373,7
2047,374,7
2048,375,7
2049,376,7
2050,377,7
2051,378,7
2052,379,7
2053,380,7
2054,381,7
2055,382,7
2056,383,7
2057,384,7
2058,385,7
2059,386,7
2060,387,7
2061,388,7
2062,389,7
2063,390,7
2064,391,7
2065,392,7
2066,393,7
2067,394,7
2068,395,7
2069,396,7
2070,397,7
2071,398,7
2072,399,7
2073,400,7
2074,401,7
2075,402,7
2076,403,7
2077,404,7
2078,1838,8
2079,1839,8
2080,1840,8
2081,1841,8
2082,1842,8
2083,1843,8
2084,1844,8
2085,1845,8
2086,1846,8
2087,1847,8
2088,1848,8
2089,1849,8
2090,1850,8
2091,1851,8
2092,1852,8
2093,1853,8
2094,1854,8
2095,1855,8
2096,1856,8
2097,1857,8
2098,1858,8
2099,1859,8
2100,1860,8
2101,1861,8
2102,1862,8
2103,1863,8
2104,1864,8
2105,1865,8
2106,1866,8
2107,1867,8
2108,1868,8
2109,1869,8
2110,1870,8
2111,1871,8
2112,1872,8
2113,1873,8
2114,1874,8
2115,1875,8
2116,1876,8
2117,1877,8
2118,1878,8
2119,1879,8
2120,1880,8
2121,1881,8
2122,1882,8
2123,1883,8
2124,1884,8
2125,1885,8
2126,1886,8
2127,1887,8
2128,1888,8
2129,1889,8
2130,1890,8
2131,1891,8
2132,1892,8
2133,1893,8
2134,1894,8
2135,1895,8
2136,1896,8
2137,1897,8
2138,1898,8
2139,405,9
2140,406,9
2141,407,9
2142,408,9
2143,409,9
2144,410,9
2145,411,9
2146,412,9
2147,413,9
2148,414,9
2149,415,9
2150,416,9
2151,417,9
2152,418,9
2153,419,9
2154,420,9
2155,421,9
2156,422,9
2157,423,9
2158,424,9
2159,425,9
2160,426,9
2161,427,9
2162,428,9
2163,429,9
2164,430,9
2165,431,9
2166,432,9
2167,433,9
2168,434,9
2169,435,9
2170,436,9
2171,437,9
2172,438,9
2173,439,9
2174,440,9
2175,441,9
2176,442,9
2177,443,9
2178,444,9
2179,445,9
2180,446,9
2181,447,9
2182,448,9
2183,449,9
2184,450,9
2185,451,9
2186,452,9
2187,453,9
2188,454,9
2189,455,9
2190,456,9
2191,457,9
2192,458,9
2193,459,9
2194,460,9
2195,461,9
2196,462,9
